CommCode,Total Seps,Campus Code,CampusSeps
S001,1517.79786372835,1460,977.810885121263
S002,639.944538118254,1335,338.177151376071
S003,1758.40808488286,1335,678.832919746334
S004,1855.27329487274,1450,879.540415128111
S005,1227.70099480322,1021,810.280684578782
S006,1413.60907716181,1450,599.338688244141
S007,1782.31368457401,2020,1485.70019940159
S008,882.14968265571,1032,326.342158461109
S009,3138.16969395161,1191,898.783918216917
S010,5541.62767546772,1332,1410.48462587778
S011,4398.64839346506,1191,1565.55275344093
S012,1476.97834529833,1450,614.013683999127
S013,1202.98649647054,1021,681.33277463554
S014,318.621823808612,1022,253.65578736051
S015,2701.55764672816,1335,1011.57473450263
S016,1560.76308998953,1071,387.574030611002
S017,1262.9391590221,1071,314.336006954989
S018,1003.37591878093,1180,284.854813439059
S019,998.674680493085,1180,283.520425090711
S020,900.824813393205,1335,369.339596937879
S021,4237.02464655119,1335,1433.96758584487
S022,76.3449114613922,1660,29.5199581229791
S023,43.0293345184335,2020,35.8658312645226
S024,1005.14384006469,1021,656.233130435587
S025,1361.04718900068,2020,1134.46069687271
S026,1321.63638596398,2020,1101.60392875629
S027,979.60317554923,2020,816.918453948417
S028,2270.36617786135,1071,1156.8303981952
S029,2734.09305791252,1071,952.855335185343
S030,305.364448316229,2120,154.227402985991
S031,595.355861953905,2230,412.029135880793
S032,3085.42288225273,1220,941.217578396299
S033,2318.13706090916,1220,718.008286566587
S034,916.853932197776,3670,272.676959334748
S035,2016.36180757002,1370,868.795158906436
S036,829.33998766576,1660,403.745588725097
S037,286.387239297881,1660,139.380108107376
S038,314.11657387835,1660,152.874379681591
S039,1815.02708116784,2060,1663.16626354197
S040,1673.03407969064,2060,1533.08671363208
S041,635.05724659682,1032,256.597621577568
S042,3310.64438429697,2060,2907.46537493622
S043,1916.00525667618,1022,1584.95853563157
S044,3248.61179697981,1021,904.640735598888
S045,5636.84848440546,1180,1818.66411500845
S046,8398.78949739586,3670,3333.49779638961
S047,690.33665819623,2230,480.540701125051
S048,1183.06030438405,2020,986.104708585249
S049,952.07861700107,1370,401.284417442349
S050,3002.15358481666,1071,1709.04257193308
S051,1647.69112926966,1071,938.227301824031
S052,2482.95645894353,1071,1413.45614042564
S053,495.837700343229,1260,273.904853992434
S054,1750.7424188992,2230,573.089639032946
S055,5808.78291531794,1660,2011.58515126631
S056,530.212495795608,2660,100.709435088069
S057,2403.34016743197,1071,1663.0216980361
S058,2295.07934002341,1071,1688.08647195816
S059,1917.73357390308,1071,1326.9880065768
S060,0,1021,0
S061,2964.69169625347,1191,905.8897703634
S062,360.737774388621,2060,314.362528133837
S063,673.137847812658,1032,310.969469412567
S064,2740.77462881793,1021,1286.35234590304
S065,2455.11801908827,1021,1152.361763545
S066,4521.66809559038,1335,1533.15286831783
S067,461.33377545476,1191,158.207902533111
S068,5043.18634867325,1335,2252.12965579792
S069,1792.76717765462,1460,602.904045494137
S070,3633.65342364894,1335,2091.96994533435
S071,2258.72742266875,1032,869.296873116089
S072,6898.88627611951,1032,2721.60274143587
S073,585.543657677465,2020,467.798705221848
S074,133.039365390435,1460,58.0025583591858
S075,1230.03660376317,1450,539.408014473571
S076,1405.95304703864,1450,616.552933600499
S077,2575.81863647023,1071,1243.36321863573
S078,2361.06846907628,1071,1161.03632994502
S079,2525.67426568282,1450,1108.92996880452
S080,0,1021,0
S081,2229.02758210376,1022,1903.88067644441
S082,2353.94344451493,1071,873.187146549014
S083,2848.06593009239,1335,1208.21861897695
S084,795.773439786292,2020,663.289870153587
S085,871.995534730446,1071,307.644954785956
S086,1769.26079883453,1335,678.239109160473
S087,969.264562384521,1460,401.265876968961
S088,3219.93863753906,1021,1146.73614443696
S089,5721.66140365821,1450,2508.74453133397
S090,932.632481906211,2230,497.641503341472
S091,6425.197392296,2230,3926.72559911194
S092,1275.15839811361,1021,851.287754244228
S093,141.602307744141,1021,49.5105381455332
S094,1909.46872240145,1021,1142.18359440433
S095,2787.07480045855,1021,1860.72993671121
S096,1945.01996769945,1180,870.111035489536
S097,2198.15184782665,2230,719.439718246025
S098,1578.54946417071,2230,514.3534906758
S099,5147.68542407699,1180,1320.81116386694
S100,1498.82285391076,1220,615.858482166682
S101,2647.91857678553,1180,1230.44386788206
S102,4421.72439472118,1180,1917.49853642259
S103,4149.60365650517,1180,1928.2493051564
S104,70.129110533882,1660,27.2058483318835
S105,1260.57410477194,1460,650.666545171984
S106,7773.54709324376,1335,3591.35686838097
S107,2036.34453211183,1335,940.681996911473
S108,783.633599610506,1660,220.834756069361
S109,337.340312742347,1220,187.71258135775
S110,1688.61795042312,1460,891.140007828686
S111,1230.63009146009,1335,409.346798541523
S112,6423.68805030792,2060,5874.55849574952
S113,9644.63086303187,1290,3708.67364507556
S114,5720.79246732655,2660,1086.61674745333
S115,2351.79555437533,3670,467.228880045482
S116,4458.6557080211,2660,846.672903512166
S117,145.337427017243,2660,27.6056250277549
S118,2686.05103169296,2660,510.192927226442
S119,279.751895067307,1460,121.962816282866
S120,663.883143234369,2230,480.731934993459
S121,5781.34718497028,1220,2899.93243068243
S122,1266.07263114568,1220,635.175492583025
S123,1879.36055813435,1220,942.853307728054
S124,1111.64644547684,1220,557.793207857416
S125,2763.55916385528,1335,936.845989713825
S126,9618.12321997149,2120,4882.30418793084
S127,8418.8288571503,2120,4275.19282438406
S128,137.92336616518,2120,70.1132278980246
S129,405.647781038611,1071,203.385002347193
S130,4617.56563139354,1450,2024.94192982995
S131,1627.20839402933,2020,1367.63333117109
S132,1979.94491409834,1450,700.641512392098
S133,1529.78501317575,1332,585.66649955766
S134,259.872737809715,2660,49.3605992737161
S135,1924.65656417715,1032,796.121446107014
S136,2503.04837093649,1180,843.893631707984
S137,499.533769477655,1335,132.991414150979
S138,4489.59252678421,1071,1949.87293619717
S139,5552.88128877892,1071,2843.63555578952
S140,2382.96123307995,1071,842.27572072737
S141,2965.04788909735,1290,759.709172053504
S142,3223.95122194807,2120,1773.49363861516
S143,1555.2337547383,2230,716.40150083096
S144,210.260123990296,2060,192.666756910637
S145,2509.54011394071,1022,2145.04689555241
S146,927.999041867261,1032,385.856056971319
S147,714.02610049719,1022,590.639145260199
S148,1426.4060561495,2060,1240.65478671455
S149,495.777620070048,1460,165.408639219207
S150,1654.44830841759,2230,541.391986933325
S151,2203.96526843834,1021,1406.73676417319
S152,2254.19995758752,1032,1038.5982451869
S153,851.030799513525,1032,392.113608520045
S154,2618.74060529053,1021,1640.25420138158
S155,1119.38034259329,1660,432.823488902091
S156,6209.49049362365,2120,2470.87066996916
S157,8306.48950647509,1290,3643.26577472509
S158,638.190286510129,1022,508.065485527555
S159,3341.25384544758,1335,1765.85460124269
S160,0,1021,0
S161,394.350081384263,1335,198.908952282349
S162,247.486363445611,1335,130.772846917621
S163,710.2538555572,2120,390.838830231447
S164,157.203761905414,2020,131.032553994818
S165,1146.11601336782,1032,414.451589121038
S166,4694.5876328095,1335,1931.52174824085
S167,6538.1801900798,1660,2950.3336920931
S168,260.71158518087,1660,100.709996905899
S169,2296.02811512144,1460,1173.24249319738
S170,2468.44143770518,1460,1261.92961774145
S171,1732.70722410796,1335,705.92336280531
S172,1288.79027465267,1022,1066.08312305807
S173,3947.73316900247,1191,1462.85162910409
S174,2126.30136789058,1071,1132.34050021549
S175,10355.5191781058,2230,7316.16841838609
S176,3121.89386691502,2230,2365.90963535158
S177,5190.6061514441,2230,3667.17048763621
S178,217.515829169772,1021,138.8340447757
S179,1055.48199550377,2060,932.070373299617
S180,1791.36387759011,2060,1620.70847256724
S181,2795.65869597016,1335,1215.81529295101
S182,919.694026053515,1021,327.536608895113
S183,2940.90890935246,1021,839.446303750201
S184,6150.91609418198,1180,2053.87025505474
S185,5987.74868651124,1335,2216.97618474124
S186,91.8599579706266,1022,76.7810095985511
S187,543.245348295222,2020,452.806119714597
S188,2891.81926228644,1022,2417.10551873894
S189,919.247382652348,1335,399.775216652808
S190,4491.05732539451,1032,2066.10451037051
S191,2126.73112009808,1290,680.190827237341
S192,3441.77665947246,2060,3022.56473909686
S193,1632.33825337718,1335,603.982952614181
S194,3604.78732247637,3670,1197.91215916495
S195,2075.59628616235,2060,1901.97219667856
S196,2905.98825964434,1370,1035.5580653427
S197,1039.58749159316,1370,376.980567268964
S198,6022.75222910224,2120,1894.40564640823
S199,74.5847512080279,3670,29.1995145882237
S200,2676.50703782101,2230,1916.8697466887
S201,2330.62532065883,1460,663.998429477708
S202,1498.21220024505,1021,436.680429247979
S203,413.927171727822,1180,187.347730472718
S204,2269.96873117415,1220,1153.73350698618
S205,1354.31774404494,1032,563.816895431204
S206,2336.87419232062,1032,944.570631832977
S207,1956.91491904198,1032,790.702611847485
S208,892.973693415979,2060,807.962842801496
S209,2599.78024164614,1370,693.601050410233
S210,4039.06298785372,2060,3547.19800068613
S211,3772.56092225919,1450,1334.92301241048
S212,34.0775718526949,2230,28.0541037536473
S213,10289.4092069982,1332,4391.85905107345
S214,1751.30704808923,1180,713.921509660701
S215,444.525997169659,1180,181.221288665866
S216,286.995657593535,1022,228.478101800281
S217,412.600245032354,1032,157.69649661917
S218,468.679313100838,2020,390.654007559682
S219,361.096388017631,1022,298.697799586676
S220,2507.39838032072,1032,953.642245400123
S221,851.211220089122,1032,323.955822659563
S222,829.364148096258,1335,281.255463883062
S223,160.332079143405,1022,137.044581593238
S224,354.073079320019,2660,67.2532190922523
S225,226.625836569522,1022,180.423165591617
S226,217.22568879641,1660,84.0669592714517
S227,169.341232337194,1660,47.782376800283
S228,3310.43334201037,1022,2767.02766224876
S229,1100.73722347967,1450,515.909189383662
S230,922.542299833542,1191,227.832861841703
S231,2599.23292974206,1450,946.5137081829
S232,3403.31033552448,1335,948.671219631678
S233,441.571793669774,1450,160.844448848415
S234,13.8094996068238,1191,3.42901129508363
S235,644.433349648291,1335,248.870768818495
S236,1936.59213839552,1022,1601.80850254729
S237,2245.44264443943,1335,915.429845834219
S238,3318.93466826725,1460,1253.54855118941
S239,779.253594436108,1071,130.196072356536
S240,5656.97794675196,2120,1830.87471878797
S241,3077.59777741371,1220,1498.71403589737
S242,936.494978915452,1220,455.930628699566
S243,2964.65525222646,1450,1408.19787959287
S244,912.358200033133,1032,359.676125434056
S245,990.812626912186,1191,339.846506150349
S246,1481.42078305131,1660,473.642871255449
S247,95.579067961431,1021,58.0764270434371
S248,571.507394792226,2020,493.579937122832
S249,744.057135472229,2020,623.243267165465
S250,8526.61794930536,1290,3245.18528975434
S251,5175.34775859795,2230,3606.64947610953
S252,311.476794654219,2230,215.690823765891
S253,1208.07915444197,1332,306.906988718626
S254,34.8630610901545,1191,8.90345790134565
S255,4072.01881879589,1220,2016.45493690091
S256,1103.03920803942,1022,912.205894364294
S257,326.790987581773,2060,303.424197085579
S258,768.858542557417,1032,408.656703703836
S259,1431.09903570415,2120,503.889312532628
S260,1040.36580289956,2120,363.786782045376
S261,1627.70497838308,1660,734.492319330968
S262,240.27512254175,1660,108.427832533713
S263,2259.26995003318,1032,1114.38094424484
S264,75.2754200871362,2020,61.094116309839
S265,862.645242927986,1022,686.755130625316
S266,2198.04331116484,1191,753.89001640402
S267,1131.65116180577,1021,681.281821571597
S268,2293.05522098357,1021,801.201909450216
S269,698.931344497427,2060,632.391087083058
S270,2053.93001763865,1335,768.976488638592
S271,317.174922167359,2060,278.542692783567
S272,530.829289254702,2230,237.588159430726
S273,1207.8512181543,1021,337.577605790806
S274,5587.98760647134,1335,1857.98773709193
S275,3607.85412958906,1021,1480.79105977967
S276,4.59014081527506,1335,1.53332263881077
S277,4555.23290460595,1370,1563.72202324089
S278,126.100030975104,1660,65.5616399547391
S279,1728.89635881419,1290,442.978005625293
S280,835.885818529971,1021,551.694116357657
S281,7851.11002845294,1290,2493.57512185568
S282,465.39485503315,2020,372.926090410604
S283,2602.01812866862,1071,934.007922589589
S284,185.780198324721,2020,160.456032804158
S285,563.107112688301,1660,223.44133327782
S286,756.294131837829,1071,429.864144136857
S287,1063.03632472747,1071,780.324294933595
S288,1813.65859085006,1032,996.439393174034
S289,1512.24958912732,1220,553.704938282358
S290,160.355361460483,2060,147.999980641513
S291,2615.54509945813,1335,1407.26816908043
S292,1398.49293077415,1370,386.867803271839
S293,0,1021,0
S294,4988.83097504601,1220,2098.46741589405
S295,1153.19182353193,1180,327.389193191284
S296,5372.46471967047,2230,3419.63645460918
S297,723.43142760309,2020,602.994922440665
S298,161.619609751647,1660,49.577418609504
S299,3092.75584615895,2230,1905.52637994978
S300,1809.09845925963,1220,536.818069504169
S301,629.79265420487,2020,524.944983946954
S302,3268.14133047931,2230,1600.6739978282
S303,527.56008466173,2020,439.737896608254
S304,5796.0305815183,1180,1950.00576305702
S305,4584.25817931271,1180,1549.02456550815
S306,1692.1239022988,1021,602.624160947169
S307,5425.24015974707,3670,2024.04434009977
S308,1958.3250447055,3670,661.520878459906
S309,5925.4176441134,3670,2213.0275202435
S310,164.538307561965,2020,137.146047960362
S311,1654.59633289015,2060,1439.08451085445
S312,468.921952308838,2020,390.856047530422
S313,2491.499688119,1191,876.902267577147
S314,2163.09861311198,2060,1910.21576097206
S315,1228.17095770887,1335,474.02882317981
S316,9362.15014360794,2120,3400.92663706907
S317,2459.18459373691,2120,914.923141040124
S318,3434.52028632224,2060,3140.61594698091
S319,1313.2861535576,1022,1086.3483035763
S320,819.545622994253,2060,750.987458220979
S321,3351.09329818682,1335,1839.27748553153
S322,152.088373723692,2060,139.069608932944
S323,383.083271319522,1220,129.479506130387
S324,5580.63293840786,1460,2451.84589225006
S325,615.367817599713,1180,266.837986846619
S326,2314.83791580208,1071,1232.73402251745
S327,1757.48105778926,1335,651.528745351024
S328,1872.48259213601,1180,763.369647226663
S329,1490.34915137332,1180,607.576401318315
S330,3004.00319870532,1180,1406.10179680398
S331,167.494009693159,1660,70.7306377052897
S332,1696.84968658,1021,472.473850908679
S333,487.930826723739,1220,212.64866581086
S334,1708.24555320134,1180,484.928822882167
S335,634.162266174646,1335,241.881878493286
S336,3575.89284588881,1335,1609.64480906811
S337,2289.73691912327,1335,1034.23633354542
S338,1980.33174894669,2230,1042.43764982129
S339,522.280190369144,2230,325.050234144773
S340,167.755136743392,1032,83.859394298727
S341,8188.82203824279,1332,3134.29731635046
S342,3275.88466552396,1021,1846.21192845969
S343,206.796872757948,1260,161.827594269913
S344,2884.34433764265,1021,2167.8731522244
S345,11227.7795574014,1032,4425.19306347181
S346,323.368825931404,1460,133.866926918224
S347,781.56684470903,1022,646.510780117936
S348,258.803618920979,1450,113.473000047256
S349,739.863311495496,2020,616.713176383925
S350,280.589750711308,1032,129.28445497072
S351,18665.3295607094,1032,6586.05424640083
S352,4246.31262173043,1460,1851.26458140341
S353,3571.86405648744,1220,1737.66207879195
S354,2390.51131731294,1220,1214.53864554704
S355,2136.77706905499,1220,1038.30248029507
S356,150.390152792981,2060,137.810154584999
S357,338.233766812513,1021,215.883344360657
S358,1872.42190947868,1032,780.573096299933
S359,5131.30479901237,1260,2636.50575150552
S360,1530.16862615573,2230,669.671364285996
S361,5483.07223758934,1180,1106.13386432834
S362,5659.15922339103,1290,2176.06667874672
S363,2307.27213295052,1260,954.976383730754
S364,1127.64581975998,2230,519.440436238742
S365,402.962047835875,1022,344.43466538198
S366,936.081864090823,2660,177.704014080904
S367,1980.08406655157,1370,963.665180696073
S368,118.130769073127,1660,54.8564028380499
S369,1099.27081186137,1660,408.448406195249
S370,1467.80200376568,1332,373.702938849052
S371,5126.55928858202,2230,3120.61008706412
S372,590.520717364706,1191,169.127413822877
S373,3109.54141934249,2020,2613.48549074904
S374,1436.77129510899,1191,527.698942080351
S375,326.306948308366,1660,169.306229791712
S376,25.0878776464561,1660,10.0336830221375
S377,2285.6212769561,2660,434.131215765889
S378,701.67154106978,2020,584.857595592837
S379,206.143672484191,2230,144.568329646937
S380,18.9695265581791,1335,14.971850348242
S381,2135.271226034,2230,1329.26439200568
S382,247.203289571509,2230,109.012508306267
S383,204.911029706538,2060,180.955814772364
S384,391.494973508478,1191,137.82718466706
S385,2242.26883098805,1021,1387.03764092841
S386,4832.76135004475,1290,1752.99745472733
S387,5.60573070134776,1021,1.39181929428746
S388,3879.30587338834,1021,2639.48985527708
S389,1017.69080671878,1021,320.235299743387
S390,485.436494073307,1191,170.327877765669
S391,988.040497051074,1022,817.303979979817
S392,6610.77897234609,1180,2112.73241193795
S393,3017.22772431564,1180,1016.28458826384
S394,12536.629700652,1450,5954.54114905235
S395,1807.52200764813,2060,1572.08697226419
S396,241.726765140601,1260,100.067523961042
S397,614.625780001372,1032,282.539056003084
S398,4176.78431638033,1021,2890.27646906498
S399,2308.26856940374,1021,1501.998745937
S400,669.126404818778,1021,463.510503210106
S401,1894.37259080592,1022,1567.00591762822
S402,1002.36065608532,1022,797.982317718582
S403,1392.75590201741,1335,701.498099959719
S404,162.911094315784,1335,81.5853773644764
S405,2869.59893602416,1450,1216.98048387069
S406,3447.0357861332,1450,1466.31235596283
S407,5394.25338426436,1450,2271.14335675495
S408,1995.92709791667,1071,1133.42454748064
S409,2421.26858326024,1450,856.815757543879
S410,5841.11254306738,1332,2493.07053663072
S411,2711.70753191314,1450,962.182577502415
S412,4055.47765848161,1450,1476.13452669672
S413,438.962303576543,1660,213.636237445079
S414,3757.6244996195,1032,947.760873811684
S415,3604.19591162456,1032,1296.81685210827
S416,793.019708836602,1660,328.485236427371
S417,102.846941372006,1660,60.7750881017936
S418,8569.58024241776,1290,2988.2685950785
S419,568.728136331898,2060,494.649437577548
S420,5583.39975019049,1032,1766.42298233153
S421,1168.92242556265,1021,531.34710462855
S422,762.811697069937,1260,315.716633777411
S423,1.07876789304929,1191,0.369988795845769
S424,343.887430778506,1335,128.770111805636
S425,0,1021,0
S426,2458.85863508579,1332,1049.02233230463
S427,2110.63961576738,1335,917.900888412845
S428,558.936176718811,2230,374.732045816464
S429,820.388721913187,1660,370.374224643276
S430,1162.79056046508,1660,567.039242105834
S431,1645.24343773811,1071,558.560140645209
S432,1895.60094444875,1071,645.563159157399
S433,1596.7945974545,1032,664.898202790867
S434,473.381209286789,2060,415.722893408368
S435,488.049236154334,1220,164.716603920208
S436,2788.01003899124,1220,551.85361004536
S437,3531.8453986507,1220,694.831890203778
S438,754.138342500762,1220,254.394456252202
S439,51.8408320734957,1220,25.2050141863724
S440,1059.23396433529,1220,515.14755488242
S441,326.818489068451,1180,92.7832123973403
S442,1291.35496055451,1032,657.138106010819
S443,967.493429617784,1032,494.382680579921
S444,265.259594538431,1032,134.591725675758
S445,791.984202156134,2060,695.519753297738
S446,3634.01110402874,2020,3138.66748917112
S447,9532.59520748234,1332,3651.05616639458
S448,117.421217051319,1022,97.1298107352506
S449,2897.727509586,1191,993.947947991089
S450,510.912691232761,1335,218.022207189014
S451,1536.49040465848,1335,627.70068127224
S452,3016.26654609242,1180,1007.64556342077
S453,1028.11090531648,1022,846.298668399453
S454,1504.85466922903,2060,1314.29323905514
S455,865.674087843222,1332,240.295850449201
S456,2767.51545982917,1191,865.320620487204
S457,324.201432782413,1191,101.367083102474
S458,1790.26274908753,1021,1344.93888009476
S459,236.477558498121,1220,75.5667737149858
S460,4633.53107280312,1332,1806.96404640058
S461,961.795411346614,1032,473.893237822733
S462,113.283214164876,1032,47.1171618147148
S463,4045.81699591985,1191,1162.16075788234
T001,303.199863048783,2580,149.193583404957
T002,903.434512050295,3020,436.648852377163
T003,149.901380240525,2170,119.57944862492
T004,561.244936967113,2060,483.563976833256
T005,221.899951611581,2060,83.4392188621203
T006,2555.50569577098,1102,1674.34958636416
T007,84.2855747312998,1122,69.9966834213632
T008,120.419956070355,2230,55.4697622910376
T009,282.60736884608,2210,118.020595119333
T010,319.816959959202,1352,132.769965100556
T011,51.6875403067305,1022,41.1486055051494
T012,4342.20770632142,3030,1310.24917880155
T013,5913.57249037722,1050,4546.33005966568
T014,497.290391522648,2020,293.56582909225
T015,65.5814541786403,1072,37.0066777150899
T016,289.319774145899,2230,163.800631527035
T017,1117.63898811655,2060,1001.11917871716
T018,269.871798229701,1670,223.041103831018
T019,141.901663321019,1670,121.559117180593
T020,154.558926413524,2060,144.269960342712
T021,6.31616048897797,1590,3.38598294254489
T022,270.27900658914,3670,93.7850749467204
T023,440.55320009257,2020,217.756272814634
T024,67.8367838170634,2060,25.2319744685419
T025,968.044240326761,1670,424.163001579346
T026,62.964865286326,1670,52.0386092513459
T027,3956.01876016398,4083,2266.38446424179
T028,31.9523196975386,1670,26.4076524559069
T029,62.2110758130779,2180,32.563609995908
T030,364.472133944724,3220,100.051174024042
T031,138.54470225896,2060,66.7856513453448
T032,124.142980774874,4162,49.8123710359181
T033,240.566983512622,2230,49.6095579747796
T034,161.348004775572,2450,102.160043224734
T035,451.462309184274,1022,248.957511334736
T036,203.784586989212,2070,124.769260539755
T037,73.2612631015415,1022,51.0302591259013
T038,719.777574502209,1883,215.795076893118
T039,1045.34302203074,1290,270.452119071907
T040,156.929706952319,1050,98.8601374257611
T041,69.4450397750948,1290,24.3852811423997
T042,66.0883701373265,1590,37.5915499863692
T043,130.521845520133,1881,69.8287632862614
T044,403.274389752841,1590,192.668159848969
T045,99.3484027189668,2170,81.6941569881916
T046,96.8459107548329,3020,26.7704143549945
T047,136.213709360716,2330,126.965461890602
T048,1031.19682066663,3110,574.450834341582
T049,64.8565773089863,1050,18.1794951547916
T050,169.261037368204,2660,32.1496494909405
T051,314.82095322379,1700,194.995849309655
T052,148.604391834855,1260,76.5456842197511
T053,386.546060989573,1700,207.762368232007
T054,101.981000343968,2020,81.7157660748726
T055,240.433505479109,1352,112.628319842373
T056,484.694575662451,2100,246.598994635282
T057,3414.47182810961,5050,1745.54184627423
T058,302.076448013827,1022,193.517724508858
T059,196.939527011666,1670,110.175959167366
T060,1733.91994506092,2450,1366.75951323538
T061,449.929639640424,2020,346.332394882881
T062,92.2633703542231,3670,29.9997047051975
T063,480.419905154754,2170,158.499190020318
T064,2260.20278366133,1122,1010.51597745185
T065,986.629768399367,2140,538.337103096656
T066,3701.31329118808,1150,2414.35540228362
T067,296.370229062056,1072,171.066639568907
T068,196.814503728356,1700,31.9458968648707
T069,221.610119686003,1700,35.9707052730878
T070,360.144691409551,2160,223.471076504128
T071,1097.71266604914,1700,498.284595970096
T072,599.204441701874,2020,423.407667161042
T073,138.227468733262,3690,45.4083048544624
T074,64.7185922612575,1700,30.378114734876
T075,65.7016302588611,1590,46.3077755438961
T076,104.112852786728,2480,31.615921350832
T077,1172.78840146649,4162,516.26817874441
T078,67.9071108565414,3110,25.7287811319815
T079,308.455576682629,1450,78.9240794798276
T080,757.802600072673,2180,559.940821829597
T081,34.4690565358963,1050,15.3617391330588
T082,81.8612741962984,1220,27.6457708514289
T083,383.366382808808,2180,106.129676596789
T084,58.867379296392,1122,41.8161383967474
T085,2764.61501407766,1590,1812.90169976582
T086,2969.34301919784,2060,2649.17609149887
T087,164.077740202625,1072,117.598380350004
T088,289.835342761555,1352,137.865163040426
T089,433.72709300563,1050,293.401892696347
T090,232.034374033435,1220,81.0520597411604
T091,74.0855255732145,1670,61.2295079002155
T092,4671.1493259405,2190,3239.33873521245
T093,476.88021974187,3330,283.502007981713
T094,215.4051937545,3020,99.4177817328461
T095,110.781037312901,1160,103.06440841858
T096,234.466706661463,1022,137.341339500727
T097,79.385210071677,2020,63.6101159445577
T098,841.098179962699,1122,410.881294809365
T099,59.3199566559461,1900,35.1668798416358
T100,45.0258309891337,4460,19.2736470780824
T101,50.9538630139938,2230,26.5534215706728
T102,389.622000318519,4460,179.342692896902
T103,7.75816126304425,2170,3.95992220292395
T104,247.254547476208,1590,83.5170915919637
T105,181.983696277262,1180,44.2923281944658
T106,45.4081190440112,1270,19.3652272393577
T107,1409.6438326762,1335,250.909700039224
T108,194.956631964869,2450,114.709331433875
T109,73.0130742640028,1160,55.0508600942709
T110,82.7481716319124,1160,62.3939776162244
T111,102.204173599965,2070,71.8141509312182
T112,61.0217163228781,1022,43.8928134954035
T113,101.182681816432,2020,67.9947621806423
T114,94.5341602765424,2180,36.1888582308639
T115,156.831714781965,1700,25.456100493897
T116,11.4789706845526,1102,3.70289376921051
T117,171.854461010595,3690,70.6948893422191
T118,64.0522499190473,5050,29.8942800302967
T119,169.957818239313,2190,109.617764426539
T120,111.409157184369,2320,57.5336841578979
T121,3939.70222312702,1072,3188.75939661911
T122,185.173516667193,1022,117.975562165094
T123,78.1676584428666,1883,23.4584146313483
T124,77.4898388309332,1290,20.0477881314358
T125,138.754044285796,2450,116.656467171063
T126,2323.03288715162,1220,755.808070162278
T127,734.558139663839,1022,328.995104920052
T128,473.440958285231,2070,287.429130004638
T129,498.80933947074,2480,151.473294830106
T130,149.363173841174,2180,47.825646796435
T131,164.5541380048,3030,49.6550011400064
T132,6487.1685639892,2180,5283.15488956604
T133,325.482399280235,2060,286.271075752804
T134,392.828390746499,1022,275.033174525364
T135,126.199722117208,2060,103.574273928864
T136,1463.21294664202,1700,637.561706382341
T137,221.776977309802,2180,93.9615854022836
T138,354.52541692284,2180,133.407693270341
T139,76.1486559717839,1122,41.4058316846575
T140,43.2574761799431,1122,30.2552290044689
T141,1468.24046421011,2251,735.755243757849
T142,58.1099304048092,1122,48.2585829799461
T143,49.4947697275597,1670,40.9059714513067
T144,142.346228503406,1700,88.1673326975696
T145,1757.16823245821,3590,477.791811522344
T146,234.552850407439,1290,50.9613384189753
T147,208.477579809164,1290,81.7767378772573
T148,596.374931387098,2120,137.624984166253
T149,273.201663502379,1022,73.5193845305404
T150,516.473390358431,2170,414.743773001855
T151,1328.80219988931,2252,357.212861319936
T152,2852.91003655268,1270,1628.43713502395
T153,1233.15871114241,1280,427.203271287188
T154,281.115609447677,1492,191.186938415296
T155,36.9510288563919,2020,29.1270589504307
T156,261.829361381531,1050,175.252076093751
T157,2600.13187786967,1050,1742.72180097355
T158,305.273235407199,1280,60.7558478298178
T159,316.762870567527,1700,51.4152859777919
T160,2264.94129399449,2060,1933.13460761313
T161,60.3887492232909,2020,48.3885516757089
T162,78.5537144671849,2140,38.7338592073216
T163,1712.60461504524,2260,968.826040418655
T164,2956.91373183692,2060,2729.26479358053
T165,84.3407216053231,2060,76.882018334104
T166,469.489377461127,1050,379.460424932047
T167,76.4080699554,2020,49.9591226631462
T168,92.9680748367767,3110,38.1111362684923
T169,51.1024506955015,2060,19.409103869926
T170,212.2680137694,2070,148.31179381593
T171,145.879276599589,2190,57.9378687204041
T172,232.73421849713,1590,124.881775778948
T173,243.199437739368,2060,113.245539710698
T174,79.6449915671754,1072,26.1269284506078
T175,450.376593358972,1335,105.61125309049
T176,1604.10252877746,2070,982.128674707428
T177,464.169846803342,1022,226.162950872588
T178,169.798358970674,1050,48.7926318881247
T179,134.511332379547,1022,53.1402794585865
T180,79.8554550541405,2330,24.8199387330437
T181,1066.69745568454,2700,624.30742561382
T182,44.4997196336518,2060,16.7328646033895
T183,300.931698675541,5110,203.11997217839
T184,79.2522628043601,1022,65.7462501721058
T185,3541.90289041581,1352,2146.36050732571
T186,80.6042095926141,3670,23.2547623909851
T187,34.8725622415078,3020,7.70440328591452
T188,182.130643335273,2260,49.8667857688021
T189,16195.9910194921,3690,3452.1077323271
T190,507.698297705484,2330,473.660365718363
T191,59.6889015322212,2060,39.7926010214808
T192,65.7083276300101,1072,28.2430531041272
T193,146.655403269421,1122,75.7318885735535
T194,351.741711191285,1050,247.898665712022
T195,50.8946660654484,1160,42.5231415027215
T196,10047.2252717629,2330,9058.53203840288
T197,407.600205713601,1220,142.379060695755
T198,217.811367896331,2180,125.052583460985
T199,438.893032360106,2450,205.241920020446
T200,5667.43237800694,2450,4106.34769130578
T201,86.4173725566415,2060,66.9569718664055
T202,379.988387103489,2170,198.162168227801
T203,5825.58019066175,2450,4897.81474667904
T204,371.440541020605,1900,219.037050487783
T205,77.177505855045,2700,47.4735097999988
T206,45.1915805445818,2020,36.2113002606298
T207,52.6568754025684,1883,15.802527648492
T208,46.8422829707612,1160,38.4106720360242
T209,184.347318371551,1122,143.028091839996
T210,5.66742344273781,2330,3.14856857929879
T211,282.375182652954,2180,206.596531941003
T212,71.4732237075261,3690,29.4025515470786
T213,958.963001880532,1882,413.514882113062
T214,806.180435959819,1122,321.884257931085
T215,70.0181622459341,3670,20.2796506504992
T216,448.625462757297,1122,278.83797992915
T217,127.295124945674,2180,102.335296524954
T218,130.877840663678,1590,68.4663436923868
T219,96.2070196240714,1700,51.7097449821883
T220,252.417820658116,1050,193.909828068074
T221,243.959273691952,5050,101.826479454032
T222,1337.63640143975,2372,844.822990382999
T223,127.851584814181,2330,114.288610353372
T224,43.3060223864084,1590,24.6346988269008
T225,33.5488673711547,2170,16.9239384421333
T226,1292.3408087812,1122,803.593362378328
T227,78.6850715992132,1492,53.562729462115
T228,182.83866821041,1492,125.701584394657
T229,181.691309886923,1590,43.0965910243915
T230,3134.33143464904,2060,2644.94032102143
T231,489.10171424014,3670,211.885033433496
T232,64.4200651330423,1050,28.7129433164417
T233,1473.01690537379,5110,994.242727351939
T234,238.841512410969,2330,182.816960117038
T235,86.4478777666706,1160,72.2283025524695
T236,9933.03571197124,3670,3835.86934416763
T237,26.9636316524757,1032,15.1159753203273
T238,1857.61257790134,1050,1439.12621164563
T239,147.322948820214,1072,101.915190622203
T240,47.8421317791303,2170,28.2145905364102
T241,103.521329520111,1700,16.803038665932
T242,1021.77811454538,2060,890.630348885343
T243,201.962095974998,1590,136.340342393216
T244,206.218133574376,1160,90.255117753147
T245,135.519086876977,1780,43.8480078027043
T246,64.3015149114144,2170,22.1036457507987
T247,995.907997666644,2170,524.161996038707
T248,1110.7347122559,2060,976.922935484782
T249,3753.49951805125,2480,2426.16600886296
T250,169.470303898339,1210,38.8213912013817
T251,125.589510921045,1022,46.9069257656915
T252,64.2699299939145,2251,30.2068670971398
T253,305.526967958139,2180,144.655018799713
T254,120.552577354939,2450,87.3465733867863
T255,308.795734190963,1050,239.687672854862
T256,775.823762813009,2330,696.903759354444
T257,44.0540832636684,2230,25.12944186167
T258,119.467388652296,1700,70.7051892023793
T259,433.798472414506,1335,68.3666730213074
T260,761.946751105329,3140,354.192934187285
T261,1071.52889102536,1022,281.662484073936
T262,340.528062002382,3690,83.6138862804203
T263,957.396576383044,1280,242.232868723421
T264,371.425525527796,2070,158.710016842738
T265,101.352141908584,2180,76.480450642674
T266,450.011200856479,1122,278.218209413069
T267,222.455042705431,1670,98.7001895962663
T268,5733.96303580931,2070,4581.79442371017
T269,267.759842882301,1700,143.916662692774
T270,50.3378672294248,4460,21.5475043176315
T271,72.0774023169087,2700,44.4801987271013
T272,214.711143678736,1492,77.6614775008195
T273,383.51141844654,1220,129.517506330783
T274,149.439413191231,1220,50.4679110271699
T275,2227.81418439486,2210,1143.55785652211
T276,14515.0175555329,1122,12157.5287894649
T277,59.1569561778688,1122,49.1281069976027
T278,38.8903622915838,2230,23.0911526106279
T279,136.243316609181,2020,84.9144391889777
T280,57.6650745804346,1700,26.1074083281314
T281,118.004898605897,2020,93.0186721320206
T282,71.5181203672101,2020,56.3749528072852
T283,56.4366973457764,1032,24.2896719157788
T284,1133.49949929097,2550,304.777810987603
T285,703.387334893425,2060,618.641944213542
T286,188.943066469764,1122,70.3168798509634
T287,2757.45830254065,2320,1645.48851519787
T288,493.140993106092,2070,346.906542769437
T289,145.108593993533,1122,84.6466798295611
T290,8191.87356205444,2970,1626.26423407205
T291,86.357767742775,1700,39.1116107519803
T292,176.573234578177,1700,80.7652915666876
T293,5033.89961238176,1492,3979.86429949914
T294,98.5839378659046,2020,49.1499171492838
T295,246.307046372669,1670,185.112749137223
T296,56.2913697006009,2210,24.3342900268223
T297,51.7951359523003,1122,36.2266557816667
T298,69.2300260113336,1670,57.2165803211316
T299,1514.95701494927,1122,1046.85640917686
T300,70.6277340394713,1900,40.2702147977664
T301,293.416046072985,2060,254.93525314538
T302,953.769225013638,3370,531.026825552552
T303,277.00585747821,2170,120.4143670258
T304,475.963559475217,1270,173.327770213518
T305,55.4988383548721,1122,42.6914141191324
T306,100.895607500008,2450,68.4467689070406
T307,129.784028470463,4460,62.7713601752566
T308,180.756468476728,2230,37.2754746776886
T309,2345.09469752724,2060,1910.68298074258
T310,645.700997839829,1590,305.399120599919
T311,8843.88892240097,2450,7578.57869441899
T312,168.599753413481,2450,144.477902429514
T313,167.892836208392,2450,143.872125060836
T314,298.603050103019,4162,119.814473853836
T315,154.444181499914,1881,95.1122525366041
T316,74.2263065342368,2450,63.6066237111066
T317,97.9088087356358,1280,33.918556469464
T318,43.1854524265283,3670,10.3778994203285
T319,47.5720272107939,2330,42.2862464095946
T320,148.281620349689,1700,67.1333357009094
T321,236.095278218846,2260,64.642129651363
T322,309.654339789414,1122,146.970268735871
T323,519.369418110477,1670,259.218488751728
T324,2022.66821710491,1290,776.175705338136
T325,49.6968173309983,1160,20.4633953715875
T326,448.045499269114,1335,135.952737373643
T327,6154.41855279304,1160,5146.1968913238
T328,532.087674083308,1220,185.86384938432
T329,91.0407348662327,2230,18.7743531261475
T330,1106.97010960124,2180,519.801892186908
T331,4234.97102302746,1590,2887.35306921229
T332,9608.06376013472,2170,8024.29699478649
T333,63.0942462755149,1290,16.3238020887233
T334,268.318263703406,1022,160.595645862996
T335,165.506041917076,1332,63.3697333678434
T336,979.965988506661,1290,384.398159521692
T337,74.3557635244675,1102,32.7607076914733
T338,78.5418307009448,2450,56.9076159944214
T339,98.3551488514773,1700,44.5295189665965
T340,420.115239553977,2060,251.573432535272
T341,6913.33897595138,1670,6052.41677950406
T342,18.1104592134102,1220,5.78677394984705
T343,3218.03977056499,1700,1993.20730856664
T344,787.281584600725,1280,302.762304514384
T345,33.7533682018307,2170,29.1296191330868
T346,61.586886826584,2180,15.8054842298313
T347,899.129408513511,1220,303.754578243084
T348,131.871158829018,1492,111.249316078634
T349,63.9373950423216,1122,38.2754473722742
T350,430.261725326742,2070,343.8069530826
T351,141.781115049917,1022,49.5884688105622
T352,202.593276590712,1670,173.284096982411
T353,391.247910142846,2450,283.479333628024
T354,390.767606556543,1220,85.3966678235572
T355,1167.26119261414,1220,596.77603291216
T356,255.236242063716,1590,131.363122326247
T357,963.996095720037,1780,311.906678985229
T358,2659.25567872749,1881,1424.26479669044
T359,379.175278919051,2210,85.7957308812422
T360,181.951126550578,2450,131.640316090647
C001,74.2816874584949,2060,44.6203842811815
C002,239.291087819915,1335,104.066271104184
C003,1205.88616378381,3020,502.202242359448
C004,1338.52231807375,2020,1083.18481104576
C005,590.520717364706,1191,169.127413822877
C006,165.764451458794,1191,56.8261865821147
C007,28.7098585996444,2060,23.3915718361053
C008,456.388399277222,1150,209.638787260829
C009,1457.75279311782,1102,674.851282787547
C010,199.17569281614,1180,56.5456388850319
C011,647.746536652449,3030,149.380317366251
C012,4117.84205343977,1050,2963.58300794886
C013,46.5482117916624,1021,29.7129712823663
C014,1159.47483579342,2020,533.814534295516
C015,3589.98188801403,2020,2992.75027825413
C016,2585.1330227026,2020,2129.67207179457
C017,1309.75117807584,2230,906.366989438527
C018,1198.83988354456,2060,1012.09426021558
C019,110.219395231777,2230,76.324514327737
C020,638.462953377346,3670,276.919975772881
C021,151.950966269114,3670,49.9582725725708
C022,785.296416795814,2020,435.827174539202
C023,631.718229493896,1160,273.263136027225
C024,1193.24848311367,1660,549.908779508457
C025,2023.94926705928,2060,1855.12093352482
C026,318.689321499822,2060,279.026786674687
C027,1790.00798987017,4083,755.32582957422
C028,714.370988098117,1022,590.926584614078
C029,655.069054987259,3670,206.809176931981
C030,370.462192720501,2180,70.0881679877857
C031,876.986032791475,1660,361.289520128366
C032,827.435766390512,1160,262.009480821499
C033,410.781474847567,1290,105.362912059467
C034,376.867364303141,1335,127.757898232641
C035,51.1280831461188,1460,21.1651140447461
C036,79.9679870460788,1460,33.1050268954197
C037,962.253876208559,1590,404.815251606649
C038,18.9695265581791,1335,14.971850348242
C039,630.723397484959,3110,247.433477747517
C040,303.84860248317,1700,149.787876710392
C041,69.1890598303961,1460,28.6427828330134
C042,1180.57947139352,2120,292.557310657419
C043,477.274661903426,1072,145.421916030617
C044,1831.55280511088,1022,708.662546482509
C045,104.999473761178,1021,67.0178700533293
C046,908.886206493186,1022,439.617195584266
C047,60.866841013533,2120,30.8991913217809
C048,278.371156874481,1180,125.95854118866
C049,441.02127113286,1670,308.688923139861
C050,167.812133574671,1220,66.119479952332
C051,1150.20323920882,2450,891.273431558414
C052,83.896844721776,1180,38.0105871209843
C053,615.367817599713,1180,266.837986846619
C054,1608.12356117228,2170,566.620310322247
C055,1278.33212706625,1122,666.524361658535
C056,765.564450667042,1660,175.417739845976
C057,1189.40315836446,2140,448.748016613619
C058,2688.75340416237,1150,1524.51915509684
C059,482.270448519434,1072,260.013555678789
C060,271.95850100629,2060,239.328974757842
C061,350.995310450203,2160,161.607661992739
C062,574.032768597664,1700,276.520002168277
C063,448.105470705289,1290,170.574568053131
C064,3888.36680711794,3670,732.683781415203
C065,369.922649350912,2660,70.2637175431141
C066,1040.36580289956,2120,363.786782045376
C067,1066.07614036206,2020,774.925071091321
C068,524.178162456674,1220,261.142621729946
C069,1053.80489651223,1220,476.688626822787
C070,137.92336616518,2120,70.1132278980246
C071,1296.33792817238,2020,426.24590351219
C072,1491.05491453741,1450,547.379798814008
C073,256.757861160172,1332,109.592785625816
C074,456.056489200348,1032,214.938092990943
C075,249.974351248413,2180,187.489535238398
C076,96.2290126506698,2180,25.8825402422786
C077,220.933813055405,1032,70.300325385699
C078,171.806577616745,2120,94.5439302851502
C079,1369.51795367332,2230,643.70699223594
C080,776.897431320546,1590,467.644557628228
C081,210.972149478859,2060,188.224303705721
C082,3752.35275515017,1022,3136.45181331815
C083,405.71917176485,2060,352.872923725051
C084,1131.91159674635,2190,742.92840607353
C085,802.17887310871,2180,259.530381306255
C086,329.904244627553,1022,229.872341415735
C087,311.873768071679,1021,199.055585950039
C088,343.121012241276,1660,150.374504685262
C089,556.449331178864,1660,111.159867048802
C090,833.315858576766,1335,324.057843413028
C091,982.79186222758,1335,513.326171535434
C092,1185.309176641,1122,566.597035009683
C093,227.379399099653,1660,102.613467129155
C094,123.08369590881,1460,50.954003145045
C095,1487.68692840755,4460,580.060869970568
C096,204.911029706538,2060,180.955814772364
C097,1319.11296612857,2060,1200.7878871603
C098,553.949657927867,1335,97.3339160469511
C099,69.4450397750948,1290,24.3852811423997
C100,105.33519486896,1021,36.8300812305581
C101,271.95667157056,1335,92.2945338440216
C102,1045.57942888577,1022,827.373959441467
C103,1035.77312391051,1032,487.935471458724
C104,110.326568621969,1290,36.090989023859
C105,1388.82576707487,2060,1215.0369314316
C106,1222.75746834367,2120,502.059096028937
C107,1750.08923838402,1072,1177.14810047101
C108,1160.15685854938,2060,1057.65801240888
C109,815.562600716416,2230,570.285155018186
C110,709.288032269423,1220,224.949556260041
C111,1050.01909189386,1022,467.561853162431
C112,126.302837958832,1032,51.0332766756674
C113,508.754408637988,1032,205.564344901901
C114,675.320024153129,2070,388.185320102873
C115,784.683360165612,2480,281.333369096356
C116,726.542329330938,2060,552.224415587094
C117,281.739593587102,3690,69.1738556631385
C118,373.479719359543,2180,144.90984337108
C119,2027.08992888076,1332,864.92879936384
C120,999.595739887146,2180,769.147352052174
C121,741.933666022365,1032,347.892041058524
C122,1034.37716189109,1022,653.143127203701
C123,451.701688985213,1700,131.743544428131
C124,997.380938830994,1022,778.904394360574
C125,124.812983717266,1450,53.1030227795282
C126,543.813530844979,1450,257.590298471255
C127,644.433349648291,1335,248.870768818495
C128,3989.23757646115,1022,3254.2478709807
C129,1089.42271626653,1022,342.984624209252
C130,127.64279625231,1180,36.2375735123084
C131,650.624810067899,3590,156.516321247047
C132,936.494978915452,1220,455.930628699566
C133,625.466518882213,2120,134.65327103412
C134,362.206043216929,2251,157.093406103671
C135,841.024088663417,2170,653.235798007392
C136,1593.54166474877,1590,447.197391914899
C137,2250.26608083181,1270,989.698701570599
C138,1575.45513160297,1280,431.849875383341
C139,2125.96106141931,1050,1515.49259907728
C140,0,1021,0
C141,357.654227216884,1280,73.7066097266043
C142,1171.93703625635,1590,167.369506623605
C143,320.819770599127,2230,87.9769444304184
C144,692.493485091631,2060,463.051938909385
C145,563.292698844882,1332,156.060644034365
C146,1360.10044784134,2260,626.809424131502
C147,257.971863081616,2060,237.744566234637
C148,401.936767458374,1220,223.622901891779
C149,1387.3387174076,1022,1156.14019176172
C150,39.3089339188791,2060,26.4731290940134
C151,76.4631675698442,1335,17.7288595768391
C152,1900.3680996519,2070,1222.36120971379
C153,457.642892565894,1022,198.477161314149
C154,36.2671128751814,1021,12.6804569149751
C155,1563.42903154982,2700,861.399066905834
C156,2983.06226497793,1352,1422.41853104786
C157,1185.54733371733,3030,235.905602890256
C158,715.245210167031,2330,667.162136231009
C159,270.359366750703,1021,187.123409332324
C160,1537.52894318951,2330,1385.56367483053
C161,861.950241750043,2450,408.229968448025
C162,1647.68072373002,2450,1170.02096484761
C163,1083.91009935717,1660,476.7939390386
C164,134.84660263564,1032,63.4989367888559
C165,330.960842088841,1660,97.359795409787
C166,51.659170131565,1180,23.3786021630738
C167,0,1021,0
C168,155.365540952004,2230,109.194836136576
C169,682.477550254449,2170,241.359233448768
C170,918.693573044912,2450,753.901095600888
C171,260.89224301737,1900,117.556629127302
C172,1920.0536448905,2020,1551.23763416046
C173,156.785885617526,1660,74.8368346839468
C174,139.468230007914,2230,65.7640608327537
C175,284.23354686366,2180,206.785033842688
C176,976.390256182706,1882,389.571136853159
C177,568.270837154425,1122,242.094623334438
C178,1069.6683817628,3670,361.420024398507
C179,568.022406557142,1122,276.037426079185
C180,464.47026171538,1590,264.673330208167
C181,3901.76390675458,2060,3411.11887086564
C182,200.833003824542,2060,181.710219417186
C183,1230.76977841376,2372,555.102472341678
C184,298.989120720548,1335,154.532779040607
C185,622.792601695636,2060,572.692002903263
C186,1998.39515974783,1022,1634.83179629575
C187,1100.78826822357,1122,720.1092440758
C188,478.490466321993,2060,423.415988183545
C189,1771.27585297895,5110,1028.47982558264
C190,350.665944814338,2330,206.140147742295
C191,1161.72850477328,3670,401.899040613053
C192,343.887430778506,1335,128.770111805636
C193,1204.25467583341,1050,885.377538109891
C194,82.6306410127288,1332,31.6374108052205
C195,51.0229269056794,2060,45.0859377625982
C196,359.716577579608,2170,163.837985175191
C197,477.811935341491,2060,420.249221104093
C198,991.444990296519,2480,618.7021147328
C199,254.53840564551,2180,124.882715894606
C200,1439.776863801,2330,1297.74279348011
C201,204.928361724527,1032,81.6641123940382
C202,63.5197403475112,1460,27.6936804903475
C203,207.519454772193,1335,42.9384023143695
C204,1082.62586089847,1220,528.445230300716
C205,818.015423037255,3140,416.272347193569
C206,994.303650233392,2190,291.442034848223
C207,349.468965239883,1280,77.5052075135423
C208,124.811324916171,1032,61.425018319422
C209,1005.07658497455,2230,410.044820396308
C210,698.422665870409,1260,289.066890476615
C211,249.358737105098,2450,109.808763963312
C212,1508.27855336367,1660,674.567337138316
C213,9.02757572953652,1290,3.47112769340967
C214,417.308800820526,1122,223.69616056675
C215,110.872671391312,1160,45.5433037942002
C216,451.237101185371,1260,199.90447322828
C217,2419.6592588244,2070,1754.05594761854
C218,874.298705021501,1700,369.390452121701
C219,212.856209645298,1492,105.11692810173
C220,549.20780467027,1332,181.630416380859
C221,3183.26506701287,2020,2499.469299745
C222,132.414563704751,1191,45.4200355020923
C223,1245.59381344781,2210,555.916121192727
C224,2197.44247771596,1122,1752.92236157444
C225,1667.65025511943,2230,1080.85665369974
C226,206.796872757948,1260,161.827594269913
C227,1844.08348284356,1290,472.197408938331
C228,5.60573070134776,1021,1.39181929428746
C229,432.110708917429,1450,205.215868132879
C230,472.84987344074,1102,116.557201958224
C231,655.309283446868,1032,301.932717766182
C232,398.767038068075,1021,276.387093877782
C233,92.3281423577659,1021,58.9309618506219
C234,747.761384918223,2320,336.507552525023
C235,1274.13946472835,1022,1024.81768749067
C236,767.66068558168,1335,146.98307053876
C237,1998.86418884609,1450,842.50632569918
C238,1.89365853046357,1191,0.485940163347908
C239,2655.08912481202,1492,1989.95303983588
C240,0,1021,0
C241,456.170808112674,1670,361.740915613794
C242,249.17708563053,1332,95.2458639806305
C243,1168.81716197269,1122,839.583358366426
C244,1405.95304703864,1450,616.552933600499
C245,535.152178402296,1450,184.230861966843
C246,572.452573564455,2170,245.432781275895
C247,388.313927392452,2190,124.995943478662
C248,165.098693004355,1021,67.7230200610954
C249,338.943527237701,2060,283.112763262707
C250,696.940834863465,1590,340.557337265763
C251,1929.41127172688,2450,1437.86445774797
C252,847.457529963492,1335,378.827645551911
C253,596.47014193344,1660,271.392223224876
C254,607.076257431571,1032,298.465935410068
C255,567.107136019576,1290,196.370611611035
C256,825.713673907189,1220,291.12957812278
C257,217.853589966967,1290,54.8372935852151
C258,2072.44179812689,1160,1642.20755457242
C259,632.272227214199,1220,215.251730526061
C260,859.762957892154,2180,429.227032910389
C261,1060.50955086932,1590,671.166636413209
C262,535.816338125181,1220,193.693343945581
C263,1560.08681955161,2170,1152.14211190001
C264,1137.77392888103,1032,579.077219863296
C265,2962.51611471242,2020,2429.49649816441
C266,456.39235785977,1332,164.510471092996
C267,508.619065787194,1191,174.455123643064
C268,1081.36492561576,1335,430.542628744278
C269,1204.44967681926,1290,449.624751464039
C270,324.201432782413,1191,101.367083102474
C271,471.544694512441,2060,290.813997509467
C272,1334.93237997175,1670,1111.42274430374
C273,1012.60265454491,1700,560.258056279451
C274,712.089941166959,1280,258.09461296513
C275,742.922562986198,1220,263.1760405816
C276,44.9759302282897,1332,11.0006329191301
C277,846.49773943073,1220,146.830118968438
C278,873.379342721926,1220,407.879015851032
C279,1757.99238185495,2450,493.903247028898
C280,1037.92206281774,1191,359.550236419096
C281,902.10837088593,1881,453.398724029573
C282,714.775153081975,2210,166.068804165092
